Reaction Coordinate,Relative Energy (meV)
0.00000000,0.00000000
0.50043263,-1082.69734000
1.00000000,0.00068000
