Reaction Coordinate,Relative Energy (meV)
0.00000000,0.00000000
0.16689550,548.85751000
0.33354701,936.74155000
0.49968492,1143.37757000
0.66598001,935.57284000
0.83283166,547.50170000
1.00000000,0.06350000
