Scale Factor,Volume (ų),Energy (eV/atom)
0.96000000,43.95263449,-4.06595182
0.98000000,44.86831437,-4.08203697
1.00000000,45.78399426,-4.09226704
1.02000000,46.69967415,-4.09732676
1.04000000,47.61535403,-4.09782887
1.06000000,48.53103392,-4.09430218
1.08000000,49.44671380,-4.08722162
