Scale,Volume[ų],Energy[eV/atom]
0.94000000,151.63902056,-5.39003510
0.96000000,154.86538323,-5.40680095
0.98000000,158.09174552,-5.41771691
1.00000000,161.31810713,-5.42335815
1.02000000,164.54446930,-5.42424409
1.04000000,167.77083162,-5.42085617
1.06000000,170.99719375,-5.41361431
