Temperature (K),Diffusion Coefficient (cm²/s)
700,3.392334e-05
800,7.936163e-05
900,8.603434e-05
1000,1.476617e-04
