Temperature (K),Diffusion Coefficient (cm²/s)
250,-3.300505e-08
300,-2.571526e-08
350,-2.536459e-08
400,-4.029734e-08
450,-3.666697e-08
500,-1.818293e-08
