Scale,Volume[ų],Energy[eV/atom]
0.96000000,92.54145433,-7.22523867
0.98000000,94.46940104,-7.23497852
1.00000000,96.39734809,-7.23908600
1.02000000,98.32529518,-7.23844241
1.04000000,100.25324173,-7.23314542
